{
  "home_field_advantage": 4.351552486419678,
  "player_model.layers.0.weight": [
    [
      0.5463494658470154,
      0.21004889905452728,
      -0.10237139463424683,
      0.2855411171913147,
      0.21399399638175964,
      -0.09893327951431274,
      0.11855059862136841,
      0.23714177310466766,
      -0.04737051948904991,
      0.1088726818561554,
      0.09510402381420135,
      0.3404611647129059,
      0.14236553013324738,
      0.05329460650682449,
      0.39961275458335876,
      0.39027971029281616,
      0.16180992126464844,
      0.17904847860336304,
      0.26020675897598267
    ],
    [
      -0.24722597002983093,
      0.03559093549847603,
      0.14142729341983795,
      0.04110291227698326,
      -0.040509629994630814,
      0.08156641572713852,
      0.17939229309558868,
      -0.0688062533736229,
      -0.22093962132930756,
      -0.12551195919513702,
      0.04998317360877991,
      0.22626037895679474,
      -0.1488441377878189,
      0.08036384731531143,
      0.19162431359291077,
      0.011051448993384838,
      0.2327592819929123,
      -0.09107749909162521,
      -0.033524040132761
    ],
    [
      0.571209192276001,
      0.24322658777236938,
      0.027390720322728157,
      0.20799373090267181,
      0.26624181866645813,
      -0.053353242576122284,
      0.12470794469118118,
      0.3742470145225525,
      0.17594671249389648,
      0.31941699981689453,
      -0.12094316631555557,
      0.36269617080688477,
      -0.06397394835948944,
      -0.0036695401649922132,
      0.3200127184391022,
      0.10882008820772171,
      0.11640860140323639,
      0.11151029169559479,
      0.34349435567855835
    ],
    [
      -0.17881490290164948,
      0.13807040452957153,
      0.4607223868370056,
      0.2381916493177414,
      0.14648942649364471,
      0.033397261053323746,
      0.17777547240257263,
      0.13334542512893677,
      0.1506119668483734,
      0.017560461536049843,
      0.29294300079345703,
      0.012693159282207489,
      0.0652390792965889,
      0.10378185659646988,
      -0.10726186633110046,
      0.032076723873615265,
      -0.02927631326019764,
      0.07239599525928497,
      0.11426369100809097
    ],
    [
      0.5929805636405945,
      0.1333369016647339,
      -0.16962668299674988,
      -0.022849474102258682,
      0.0119417579844594,
      -0.08060988783836365,
      0.007400818169116974,
      0.18699416518211365,
      0.1911144256591797,
      0.03294024616479874,
      0.03412362560629845,
      0.20610831677913666,
      0.19282811880111694,
      0.10406938940286636,
      0.1530192643404007,
      0.3323419690132141,
      -0.1759275496006012,
      -0.14100120961666107,
      0.2778986394405365
    ],
    [
      0.44289660453796387,
      -0.13290010392665863,
      -0.25505319237709045,
      -0.04282217100262642,
      0.15592128038406372,
      0.11878108233213425,
      0.039040833711624146,
      -0.06800303608179092,
      0.18063734471797943,
      0.08662731200456619,
      -0.05726180970668793,
      0.18385684490203857,
      0.19918155670166016,
      0.38266870379447937,
      0.0449364110827446,
      0.3275270164012909,
      0.015874285250902176,
      0.15435299277305603,
      -0.051097821444272995
    ],
    [
      0.529979407787323,
      0.02675325982272625,
      -0.07922863215208054,
      0.10434908419847488,
      -0.04308485612273216,
      -0.11486360430717468,
      -0.20934714376926422,
      0.016749855130910873,
      -0.09729580581188202,
      0.06774038076400757,
      0.14307160675525665,
      -0.020244965329766273,
      -0.1364951878786087,
      0.0068305185995996,
      -0.1419059783220291,
      0.06665480136871338,
      -0.11954109370708466,
      0.008114682510495186,
      0.05574177950620651
    ],
    [
      0.6145674586296082,
      0.22861841320991516,
      -0.06279861927032471,
      -0.04076257720589638,
      0.07440590858459473,
      0.0561133548617363,
      0.21807843446731567,
      0.17361991107463837,
      0.21781529486179352,
      0.01546739973127842,
      0.07331852614879608,
      0.16577769815921783,
      0.05043775588274002,
      0.37409430742263794,
      0.31709176301956177,
      0.1261283904314041,
      -0.17199142277240753,
      0.10827784240245819,
      0.03435231372714043
    ],
    [
      -0.44167935848236084,
      -0.019948862493038177,
      0.18964093923568726,
      0.19274723529815674,
      0.0027712322771549225,
      0.3368970453739166,
      0.08989018946886063,
      0.3129647970199585,
      0.04611406847834587,
      0.15576179325580597,
      0.04667501524090767,
      -0.08679212629795074,
      0.07690360397100449,
      0.0653771460056305,
      -0.14200282096862793,
      -0.1860666424036026,
      -0.03206484764814377,
      0.10248898714780807,
      0.08448757231235504
    ],
    [
      -0.1491106152534485,
      -0.08860817551612854,
      0.11248112469911575,
      -0.003293086541816592,
      0.1178307980298996,
      0.2670692503452301,
      0.3445165455341339,
      0.38361337780952454,
      0.31435009837150574,
      0.29510003328323364,
      0.0634971484541893,
      0.28206148743629456,
      -0.0659269168972969,
      0.024887826293706894,
      0.0785084143280983,
      0.21440047025680542,
      -0.040670495480298996,
      0.30230236053466797,
      0.2063230723142624
    ],
    [
      0.6421383023262024,
      0.004690088797360659,
      0.05051448941230774,
      -0.1115700751543045,
      0.1505662202835083,
      0.2895951271057129,
      -0.09295075386762619,
      0.022503076121211052,
      0.2917269766330719,
      -0.06155369430780411,
      0.24383112788200378,
      0.32450249791145325,
      0.0007067801780067384,
      0.25354716181755066,
      0.11934934556484222,
      0.3255768418312073,
      -0.04751992225646973,
      0.06455941498279572,
      0.16501465439796448
    ],
    [
      -0.03645185008645058,
      -0.06130416318774223,
      0.12927567958831787,
      -0.18312378227710724,
      0.08203993737697601,
      -0.20691198110580444,
      0.06466080248355865,
      -0.10952256619930267,
      0.053615640848875046,
      -0.11270762979984283,
      0.07494562119245529,
      0.025140482932329178,
      -0.13046550750732422,
      -0.13481110334396362,
      -0.09426575154066086,
      -0.09962951391935349,
      -0.11335629969835281,
      -0.19769488275051117,
      -0.04495587572455406
    ]
  ],
  "player_model.layers.0.bias": [
    -0.1483214795589447,
    0.2574416399002075,
    -0.008395020850002766,
    -0.018291011452674866,
    -0.1434815376996994,
    -0.16267059743404388,
    -0.15961778163909912,
    -0.12461301684379578,
    0.14012253284454346,
    -0.03565593063831329,
    -0.06059408187866211,
    -0.211972177028656
  ],